Date,Precipitation,Intake,Discharge
20170101,0.00,8213 ,2331 
20170102,0.01,7874 ,2330 
20170103,0.00,8178 ,2756 
20170104,0.00,7696 ,3378 
20170105,0.29,7704 ,2986 
20170106,0.87,7933 ,3719 
20170107,0.10,7698 ,2990 
20170108,0.35,6996 ,2991 
20170109,0.16,7458 ,2990 
20170110,0.08,7307 ,3563 
20170111,0.00,7295 ,3042 
20170112,0.00,7699 ,2206 
20170113,0.23,7669 ,2206 
20170114,3.81,7702 ,2747 
20170115,0.00,7555 ,3286 
20170116,0.00,7474 ,3289 
20170117,0.00,8604 ,2932 
20170118,0.00,8835 ,2519 
20170119,0.00,8881 ,2633 
20170120,2.31,7692 ,3064 
20170121,0.85,8340 ,3215 
20170122,2.20,8169 ,3205 
20170123,4.91,7777 ,3216 
20170124,0.00,9184 ,3307 
20170125,0.00,9605 ,2980 
20170126,0.00,9352 ,2447 
20170127,0.58,9738 ,2951 
20170128,0.00,10071 ,2955 
20170129,2.46,9109 ,2945 
20170130,0.50,8230 ,2941 
20170131,0.00,8319 ,2943 
20170201,0.00,8513 ,2430 
20170202,0.00,8091 ,2354 
20170203,0.00,8246 ,2163 
20170204,0.26,8246 ,2718 
20170205,0.98,7808 ,3176 
20170206,0.00,8008 ,3177 
20170207,0.00,7958 ,3073 
20170208,0.38,8066 ,3040 
20170209,0.50,7910 ,2992 
20170210,5.08,8166 ,3369 
20170211,0.67,7872 ,3240 
20170212,0.00,8184 ,3241 
20170213,0.00,8090 ,3242 
20170214,0.00,8024 ,3291 
20170215,0.00,7590 ,2584 
20170216,2.82,8071 ,2724 
20170217,0.44,7441 ,3423 
20170218,0.00,7502 ,3176 
20170219,0.09,6896 ,3175 
20170220,9.56,7051 ,3177 
20170221,0.00,7299 ,3088 
20170222,14.09,7256 ,3893 
20170223,0.00,7219 ,3954 
20170224,0.00,7320 ,4841 
20170225,0.00,7491 ,3994 
20170226,0.00,7365 ,3570 
20170227,0.00,7128 ,3572 
20170228,0.00,7483 ,3526 
20170301,0.65,7017 ,3990 
20170302,2.30,7287 ,3991 
20170303,0.00,7364 ,3122 
20170304,0.00,7560 ,3475 
20170305,0.00,7023 ,3474 
20170306,0.00,7165 ,3477 
20170307,1.44,7081 ,2985 
20170308,0.43,6969 ,3547 
20170309,0.00,7765 ,3094 
20170310,0.00,7530 ,3257 
20170311,0.00,7502 ,3314 
20170312,0.00,7407 ,3315 
20170313,0.00,7721 ,3316 
20170314,0.00,7180 ,2852 
20170315,0.00,7288 ,3524 
20170316,0.00,7324 ,2987 
20170317,0.00,7799 ,3154 
20170318,0.00,7863 ,3148 
20170319,0.00,7670 ,3185 
20170320,7.74,7142 ,3188 
20170321,0.48,6993 ,3752 
20170322,0.00,7417 ,3622 
20170323,0.00,7311 ,3538 
20170324,0.00,7125 ,3300 
20170325,2.51,7221 ,3610 
20170326,0.00,6880 ,3611 
20170327,1.19,6936 ,3612 
20170328,0.80,7020 ,3962 
20170329,1.14,7180 ,3937 
20170330,0.00,7078 ,3318 
20170331,1.56,7236 ,3606 
20170401,0.00,7120 ,3256 
20170402,0.00,7906 ,3255 
20170403,0.00,7492 ,3256 
20170404,0.00,7316 ,3602 
20170405,17.94,7486 ,3541 
20170406,3.17,7202 ,4045 
20170407,0.00,7567 ,4894 
20170408,0.00,8113 ,4142 
20170409,0.00,7500 ,4143 
20170410,0.00,7702 ,4142 
20170411,11.02,7144 ,4320 
20170412,0.00,7695 ,4739 
20170413,0.00,7599 ,4069 
20170414,1.39,7505 ,3558 
20170415,0.87,8001 ,3631 
20170416,0.00,7663 ,3630 
20170417,9.54,6854 ,3632 
20170418,0.41,7649 ,3744 
20170419,0.00,7821 ,4167 
20170420,0.65,7548 ,3347 
20170421,0.00,7795 ,3598 
20170422,0.00,7481 ,3402 
20170423,0.00,7655 ,3400 
20170424,0.00,7982 ,3403 
20170425,0.74,7728 ,3271 
20170426,0.28,8021 ,3806 
20170427,0.00,8305 ,3195 
20170428,0.00,8772 ,3276 
20170429,0.00,8727 ,3706 
20170430,0.00,9214 ,3707 
20170501,0.00,9440 ,3708 
20170502,0.00,9709 ,3985 
20170503,0.00,9134 ,3505 
20170504,0.72,9378 ,3506 
20170505,12.80,8795 ,4148 
20170506,0.00,8885 ,4144 
20170507,0.00,9099 ,4148 
20170508,0.00,8267 ,4146 
20170509,10.49,7729 ,4532 
20170510,0.97,7696 ,4532 
20170511,0.82,7865 ,4645 
20170512,0.03,8376 ,4616 
20170513,0.00,8465 ,4504 
20170514,0.00,8597 ,4503 
20170515,0.00,9067 ,4504 
20170516,0.00,9255 ,4239 
20170517,0.00,9854 ,4768 
20170518,0.00,9385 ,4808 
20170519,0.00,9583 ,4760 
20170520,0.00,10248 ,4614 
20170521,0.00,9586 ,4615 
20170522,0.00,9510 ,4617 
20170523,0.00,9003 ,4767 
20170524,1.71,8913 ,4649 
20170525,0.00,9439 ,4435 
20170526,0.00,9194 ,4651 
20170527,0.00,9025 ,4743 
20170528,0.00,9142 ,4744 
20170529,0.00,8579 ,4746 
20170530,0.00,9248 ,4759 
20170531,4.61,8747 ,4593 
20170601,0.00,8989 ,4369 
20170602,0.00,9156 ,4886 
20170603,0.18,9378 ,4560 
20170604,0.00,8605 ,4561 
20170605,0.00,8942 ,4562 
20170606,6.28,7738 ,4328 
20170607,2.36,7894 ,4228 
20170608,0.00,8316 ,4605 
20170609,0.08,7393 ,4501 
20170610,0.00,7948 ,4674 
20170611,0.46,8303 ,4675 
20170612,0.00,7778 ,4675 
20170613,0.00,9184 ,3935 
20170614,0.00,9240 ,4762 
20170615,0.00,9460 ,4851 
20170616,0.00,9699 ,4631 
20170617,0.00,9716 ,4011 
20170618,0.00,9898 ,4010 
20170619,0.00,9415 ,4012 
20170620,1.48,9078 ,4889 
20170621,0.00,9116 ,4296 
20170622,0.00,9079 ,5179 
20170623,0.02,9689 ,4430 
20170624,0.33,9759 ,4590 
20170625,0.00,8398 ,4591 
20170626,11.08,8513 ,4590 
20170627,7.41,8607 ,4305 
20170628,0.21,8009 ,4755 
20170629,0.35,7767 ,4560 
20170630,0.22,8422 ,4705 
20170701,0.55,7843 ,4463 
20170702,3.97,7527 ,4462 
20170703,3.62,7795 ,4463 
20170704,0.17,8039 ,4532 
20170705,0.19,8793 ,4806 
20170706,5.00,8947 ,4816 
20170707,1.14,8272 ,4515 
20170708,57.95,8272 ,5366 
20170709,3.93,8168 ,6064 
20170710,6.50,7663 ,6067 
20170711,0.85,8099 ,5335 
20170712,0.00,9208 ,4663 
20170713,0.00,9012 ,4546 
20170714,4.30,7971 ,4334 
20170715,57.02,8358 ,4641 
20170716,0.00,8242 ,4647 
20170717,33.41,8404 ,4645 
20170718,5.51,7720 ,4967 
20170719,0.00,8352 ,4486 
20170720,0.08,8929 ,5130 
20170721,0.00,8945 ,4856 
20170722,0.00,9274 ,5491 
20170723,0.00,9180 ,5493 
20170724,0.00,8717 ,5492 
20170725,0.44,8757 ,5569 
20170726,0.00,8849 ,5708 
20170727,0.00,8985 ,5226 
20170728,0.00,9244 ,5422 
20170729,0.01,9363 ,4938 
20170730,6.09,9202 ,4936 
20170731,25.29,8940 ,4937 
20170801,24.49,9274 ,5591 
20170802,0.07,9179 ,5663 
20170803,0.00,8952 ,5901 
20170804,1.63,8997 ,5567 
20170805,0.08,9713 ,4951 
20170806,0.04,9267 ,4950 
20170807,0.00,9147 ,4953 
20170808,0.14,8983 ,5537 
20170809,3.49,8630 ,5502 
20170810,0.00,8585 ,5795 
20170811,0.00,8657 ,5416 
20170812,9.77,9228 ,5695 
20170813,38.30,8453 ,5694 
20170814,30.13,7059 ,5695 
20170815,7.93,8108 ,5753 
20170816,0.44,8151 ,5752 
20170817,0.01,8120 ,5802 
20170818,0.07,8618 ,5843 
20170819,0.48,8015 ,5908 
20170820,31.95,7779 ,5909 
20170821,14.95,7502 ,5908 
20170822,6.81,8473 ,6022 
20170823,0.04,8525 ,6022 
20170824,0.21,8696 ,5847 
20170825,8.42,8054 ,6032 
20170826,0.00,8576 ,5658 
20170827,0.00,7794 ,5659 
20170828,0.00,7899 ,5657 
20170829,13.66,8187 ,5469 
20170830,0.00,7876 ,5240 
20170831,0.00,7757 ,6024 
20170901,0.00,8346 ,5677 
20170902,0.00,8185 ,5768 
20170903,0.00,8050 ,5677 
20170904,0.00,7757 ,5676 
20170905,11.45,7723 ,5604 
20170906,24.18,7311 ,5484 
20170907,0.57,8087 ,5521 
20170908,0.00,8356 ,5437 
20170909,0.00,7962 ,5571 
20170910,8.14,8383 ,5570 
20170911,72.81,7789 ,5573 
20170912,0.08,7706 ,5679 
20170913,0.00,8172 ,5458 
20170914,0.00,8191 ,5338 
20170915,0.00,8796 ,5584 
20170916,0.00,7595 ,5379 
20170917,0.00,8064 ,5380 
20170918,0.00,7808 ,5378 
20170919,0.00,8255 ,5753 
20170920,0.00,7785 ,5660 
20170921,0.00,8670 ,5689 
20170922,0.00,8878 ,5555 
20170923,0.00,8420 ,5529 
20170924,0.00,8252 ,5529 
20170925,0.00,8181 ,5523 
20170926,0.19,8940 ,5763 
20170927,11.94,8422 ,5728 
20170928,0.00,8752 ,5613 
20170929,0.00,8828 ,5446 
20170930,0.00,8520 ,5546 
20171001,28.98,7929 ,5546 
20171002,2.65,8727 ,5545 
20171003,0.00,9956 ,5738 
20171004,0.00,10471 ,5739 
20171005,7.63,10625 ,5732 
20171006,7.14,9326 ,5734 
20171007,0.00,8094 ,5710 
20171008,0.00,8112 ,5711 
20171009,0.00,7874 ,5712 
20171010,0.00,7825 ,5712 
20171011,0.75,7795 ,5676 
20171012,3.76,7767 ,5856 
20171013,0.00,8088 ,5519 
20171014,0.00,7784 ,5721 
20171015,0.37,7690 ,5721 
20171016,0.00,8706 ,5723 
20171017,0.00,8212 ,5822 
20171018,0.00,8613 ,5761 
20171019,0.00,7838 ,5546 
20171020,0.00,8595 ,5144 
20171021,0.00,8390 ,5329 
20171022,0.00,8028 ,5328 
20171023,0.00,7831 ,5329 
20171024,0.00,8007 ,4981 
20171025,0.00,8529 ,5107 
20171026,0.00,8113 ,4936 
20171027,0.00,8354 ,4987 
20171028,0.00,8038 ,4345 
20171029,0.00,8256 ,4346 
20171030,0.00,7816 ,4347 
20171031,0.00,8358 ,3458 
20171101,0.00,8511 ,4204 
20171102,0.00,8491 ,4425 
20171103,0.32,8679 ,4585 
20171104,0.00,8168 ,4110 
20171105,0.00,8232 ,4111 
20171106,0.00,8030 ,4112 
20171107,0.00,8016 ,3848 
20171108,0.04,7291 ,4508 
20171109,0.00,8121 ,4700 
20171110,0.84,9100 ,4724 
20171111,0.00,9020 ,4264 
20171112,0.00,9147 ,4263 
20171113,0.00,8328 ,4266 
20171114,0.00,8155 ,3980 
20171115,0.00,8319 ,3959 
20171116,0.00,8126 ,3724 
20171117,0.42,8247 ,3145 
20171118,0.04,8306 ,3811 
20171119,0.00,7921 ,4113 
20171120,0.00,8714 ,3813 
20171121,0.00,8497 ,3811 
20171122,0.03,9005 ,3742 
20171123,0.58,8347 ,3824 
20171124,0.42,9308 ,3752 
20171125,0.00,9108 ,3089 
20171126,0.00,8139 ,3086 
20171127,0.00,8813 ,3088 
20171128,0.00,8415 ,2724 
20171129,0.00,8789 ,3255 
20171130,0.00,8532 ,3648 
20171201,0.00,8970 ,3558 
20171202,0.00,9262 ,3646 
20171203,0.00,8800 ,3641 
20171204,1.48,8866 ,3646 
20171205,1.40,8160 ,3582 
20171206,0.00,8438 ,3564 
20171207,1.29,9067 ,3518 
20171208,6.95,9265 ,4032 
20171209,0.00,9104 ,4522 
20171210,3.17,8224 ,4524 
20171211,0.35,8588 ,4523 
20171212,0.87,8228 ,4490 
20171213,0.00,8432 ,4736 
20171214,0.00,9167 ,4430 
20171215,0.00,9579 ,4265 
20171216,3.97,9515 ,4613 
20171217,1.05,9341 ,4610 
20171218,0.00,8592 ,4612 
20171219,0.27,9508 ,4653 
20171220,2.83,9339 ,4810 
20171221,0.41,9022 ,5469 
20171222,0.00,9243 ,5212 
20171223,0.00,9192 ,5111 
20171224,25.89,8235 ,5112 
20171225,0.00,8257 ,5113 
20171226,0.01,8331 ,5112 
20171227,0.00,9047 ,5049 
20171228,0.00,9279 ,4828 
20171229,0.00,9241 ,5207 
20171230,0.88,8918 ,4085 
20171231,0.19,8905 ,3151 
20180101,0.00,8522 ,3154 
20180102,0.00,8883 ,3153 
20180103,0.00,9130 ,3532 
20180104,0.00,8688 ,3822 
20180105,0.00,9541 ,4001 
20180106,0.00,9318 ,4311 
20180107,0.64,8183 ,4312 
20180108,2.54,8305 ,4311 
20180109,3.03,8451 ,4791 
20180110,15.60,8936 ,5071 
20180111,5.48,8538 ,4616 
20180112,1.41,9751 ,4788 
20180113,0.00,9685 ,5235 
20180114,0.00,9981 ,5233 
20180115,0.00,10800 ,5231 
20180116,13.46,11784 ,5898 
20180117,3.39,11545 ,5186 
20180118,0.00,11536 ,5715 
20180119,0.00,10595 ,5341 
20180120,0.00,9897 ,5252 
20180121,0.00,9403 ,5253 
20180122,0.03,9111 ,5253 
20180123,0.03,9934 ,4985 
20180124,0.80,9828 ,4782 
20180125,0.25,10499 ,4865 
20180126,0.31,10682 ,4787 
20180127,0.00,10965 ,4605 
20180128,0.09,12020 ,4608 
20180129,1.11,12013 ,4600 
20180130,0.49,11910 ,4505 
20180131,0.00,12375 ,4525 
20180201,0.00,12751 ,4372 
20180202,0.00,12531 ,4444 
20180203,0.98,12638 ,4368 
20180204,2.49,11909 ,4364 
20180205,1.29,11280 ,4365 
20180206,2.25,11187 ,4518 
20180207,0.11,11417 ,4715 
20180208,0.00,11582 ,4951 
20180209,0.00,12181 ,4743 
20180210,0.00,12542 ,4757 
20180211,0.77,12614 ,4754 
20180212,2.62,12729 ,4755 
20180213,0.00,12815 ,4187 
20180214,0.00,12867 ,4306 
20180215,0.00,12760 ,4750 
20180216,0.00,12740 ,4752 
20180217,0.00,12799 ,4755 
20180218,0.00,11209 ,4753 
20180219,0.00,9673 ,4755 
20180220,0.00,9625 ,4407 
20180221,0.00,9569 ,5053 
20180222,0.00,9249 ,4667 
20180223,0.00,9298 ,4567 
20180224,0.00,9254 ,5266 
20180225,0.00,8941 ,5916 
20180226,0.00,8846 ,5914 
20180227,0.00,9238 ,5018 
20180228,28.26,9346 ,3840 
20180301,0.00,8867 ,4400 
20180302,0.00,9119 ,4401 
20180303,0.00,9197 ,4357 
20180304,11.15,8437 ,4353 
20180305,5.27,8460 ,4352 
20180306,0.00,8634 ,5098 
20180307,5.39,8979 ,4750 
20180308,11.84,8970 ,4920 
20180309,0.00,8942 ,4659 
20180310,0.00,8855 ,4517 
20180311,0.00,8995 ,4374 
20180312,0.00,8675 ,4627 
20180313,0.00,8781 ,5428 
20180314,0.00,9074 ,5171 
20180315,27.87,8919 ,5525 
20180316,0.00,8541 ,5316 
20180317,0.00,8948 ,4567 
20180318,19.46,7568 ,4566 
20180319,13.02,8627 ,4655 
20180320,2.60,8818 ,5364 
20180321,8.77,9175 ,5202 
20180322,0.00,8416 ,5270 
20180323,0.00,9352 ,5520 
20180324,0.00,8926 ,5430 
20180325,0.00,9184 ,5430 
20180326,0.00,8684 ,5434 
20180327,0.00,8860 ,4981 
20180328,0.00,9313 ,4988 
20180329,0.00,8958 ,5258 
20180330,0.00,8726 ,5277 
20180331,0.00,8824 ,4988 
20180401,0.00,8729 ,4989 
20180402,0.00,8810 ,4988 
20180403,0.00,8874 ,5031 
20180404,10.79,8201 ,4380 
20180405,18.46,8477 ,5228 
20180406,22.25,8451 ,5408 
20180407,0.18,8660 ,4672 
20180408,0.09,8652 ,4671 
20180409,0.00,8901 ,4672 
20180410,0.42,9042 ,5464 
20180411,4.64,8587 ,6023 
20180412,0.00,9501 ,5578 
20180413,0.00,8761 ,5273 
20180414,25.73,9690 ,5552 
20180415,0.00,8821 ,5557 
20180416,0.00,8065 ,5553 
20180417,0.00,8769 ,5175 
20180418,0.00,9328 ,4995 
20180419,0.00,9197 ,5053 
20180420,0.00,8959 ,5249 
20180421,0.00,8881 ,5181 
20180422,8.20,8025 ,5182 
20180423,41.06,7703 ,5183 
20180424,12.29,8339 ,5283 
20180425,0.55,9297 ,4989 
20180426,0.00,8817 ,5018 
20180427,0.00,9673 ,5487 
20180428,0.00,8841 ,5488 
20180429,0.00,9272 ,5485 
20180430,0.00,8751 ,5486 
20180501,0.17,9364 ,5601 
20180502,3.58,8636 ,5344 
20180503,0.01,9382 ,4707 
20180504,0.00,9281 ,5481 
20180505,0.00,9577 ,5271 
20180506,15.50,9105 ,5270 
20180507,23.97,8948 ,5272 
20180508,0.00,9260 ,5270 
20180509,0.00,8525 ,5485 
20180510,0.00,8893 ,5568 
20180511,0.00,8867 ,5542 
20180512,18.23,8293 ,5480 
20180513,2.77,8217 ,5482 
20180514,0.00,8515 ,5488 
20180515,0.00,8684 ,5503 
20180516,0.10,8493 ,5519 
20180517,0.34,8441 ,5591 
20180518,2.16,8864 ,5345 
20180519,0.83,8353 ,5460 
20180520,0.00,8812 ,5461 
20180521,0.00,8308 ,5464 
20180522,9.07,8605 ,5187 
20180523,8.09,8332 ,5188 
20180524,0.00,8667 ,5179 
20180525,0.00,8923 ,5174 
20180526,0.00,8569 ,5169 
20180527,0.00,9327 ,5164 
20180528,0.00,8599 ,5166 
20180529,0.00,9019 ,5105 
20180530,0.00,8937 ,5048 
20180531,0.00,9367 ,5374 
20180601,0.00,9095 ,5392 
20180602,0.00,9657 ,5294 
20180603,0.00,9313 ,5293 
20180604,0.33,9478 ,5294 
20180605,0.82,8538 ,4811 
20180606,0.00,9533 ,5389 
20180607,0.00,9353 ,5383 
20180608,0.00,9452 ,5287 
20180609,0.16,9719 ,5187 
20180610,0.05,8795 ,5188 
20180611,0.10,8975 ,5182 
20180612,0.00,9491 ,5320 
20180613,0.00,9569 ,5192 
20180614,0.00,9557 ,5193 
20180615,0.00,9408 ,5639 
20180616,0.00,9596 ,5585 
20180617,0.00,9583 ,5586 
20180618,0.00,10017 ,5585 
20180619,2.42,9416 ,5301 
20180620,0.00,9095 ,5491 
20180621,0.00,9272 ,5874 
20180622,0.00,9888 ,5846 
20180623,0.00,9021 ,5340 
20180624,0.00,8786 ,5343 
20180625,0.00,8908 ,5344 
20180626,0.02,9298 ,5642 
20180627,49.23,8884 ,5268 
20180628,70.50,8594 ,4969 
20180629,0.73,9120 ,5116 
20180630,29.81,8475 ,5585 
20180701,65.08,8467 ,5588 
20180702,23.25,8729 ,5582 
20180703,0.00,9145 ,5616 
20180704,0.41,9301 ,5443 
20180705,24.71,9475 ,5522 
20180706,1.07,9737 ,5622 
20180707,0.00,10351 ,5629 
20180708,0.00,9440 ,5626 
20180709,1.26,9216 ,5629 
20180710,0.00,9586 ,5716 
20180711,0.00,9853 ,5467 
20180712,0.00,9935 ,4709 
20180713,0.00,10709 ,5109 
20180714,0.00,9961 ,5538 
20180715,0.00,10868 ,5533 
20180716,0.00,10734 ,5538 
20180717,0.00,10579 ,5433 
20180718,0.00,10735 ,5322 
20180719,0.00,10851 ,5219 
20180720,0.00,10567 ,5293 
20180721,0.24,10954 ,5523 
20180722,0.00,11626 ,5528 
20180723,0.00,11049 ,5524 
20180724,0.00,11039 ,5609 
20180725,0.00,11230 ,5492 
20180726,0.00,11115 ,5556 
20180727,0.00,10767 ,5566 
20180728,0.00,11761 ,5492 
20180729,0.00,11591 ,5491 
20180730,0.00,11463 ,5499 
20180731,0.00,12041 ,5490 
20180801,0.00,12179 ,5535 
20180802,0.00,12488 ,5471 
20180803,0.00,12547 ,5233 
20180804,0.00,12489 ,5316 
20180805,0.00,12736 ,5246 
20180806,0.00,12264 ,5343 
20180807,0.00,11983 ,5396 
20180808,0.00,11849 ,5450 
20180809,0.00,11743 ,5546 
20180810,1.10,10556 ,5631 
20180811,0.23,10838 ,5151 
20180812,0.00,10649 ,5155 
20180813,0.00,11342 ,5159 
20180814,0.00,10713 ,5419 
20180815,0.00,11299 ,5381 
20180816,0.00,10222 ,5382 
20180817,0.00,10437 ,5559 
20180818,0.00,9863 ,5655 
20180819,0.00,10062 ,5462 
20180820,0.00,9651 ,5521 
20180821,0.00,9449 ,5274 
20180822,0.03,9091 ,4831 
20180823,122.10,9119 ,4647 
20180824,10.46,8234 ,4834 
20180825,3.95,8908 ,5094 
20180826,39.93,8054 ,5091 
20180827,43.07,8165 ,5093 
20180828,0.08,9441 ,5160 
20180829,0.34,9741 ,4919 
20180830,0.86,8743 ,5049 
20180831,53.40,8551 ,5007 
20180901,1.15,8723 ,5205 
20180902,0.00,8216 ,5205 
20180903,36.48,8424 ,5206 
20180904,29.71,8925 ,5065 
20180905,0.00,9026 ,5213 
20180906,1.27,9366 ,5069 
20180907,2.74,8335 ,5110 
20180908,0.00,8796 ,5034 
20180909,0.00,8970 ,5033 
20180910,0.00,9035 ,5035 
20180911,0.00,9136 ,5069 
20180912,0.00,9572 ,4785 
20180913,4.79,9300 ,4292 
20180914,4.58,8806 ,4715 
20180915,1.39,9088 ,4890 
20180916,1.27,9202 ,4891 
20180917,0.08,8640 ,4893 
20180918,0.00,9690 ,4958 
20180919,1.51,9597 ,4963 
20180920,1.34,9292 ,5034 
20180921,37.70,9455 ,5225 
20180922,0.00,10127 ,5021 
20180923,0.84,10683 ,5121 
20180924,0.00,12000 ,5022 
20180925,0.00,10151 ,5003 
20180926,0.00,9399 ,5010 
20180927,0.00,8520 ,5003 
20180928,0.25,9300 ,5004 
20180929,0.00,9300 ,5185 
20180930,0.00,9143 ,5188 
20181001,0.86,8911 ,5189 
20181002,0.41,9634 ,5249 
20181003,0.00,9249 ,4892 
20181004,0.46,9744 ,4893 
20181005,115.80,8335 ,4893 
20181006,32.64,8225 ,4529 
20181007,0.00,8803 ,4541 
20181008,0.00,8772 ,4513 
20181009,0.00,8665 ,4611 
20181010,5.47,9190 ,4641 
20181011,0.42,9173 ,4958 
20181012,0.00,9094 ,4903 
20181013,0.00,9382 ,4859 
20181014,0.00,8999 ,4856 
20181015,0.00,9011 ,4855 
20181016,0.00,9523 ,5131 
20181017,0.00,8952 ,5130 
20181018,0.00,9657 ,5232 
20181019,0.00,9540 ,4777 
20181020,0.00,9471 ,4966 
20181021,0.00,9060 ,4967 
20181022,0.00,9429 ,4964 
20181023,0.45,9185 ,5005 
20181024,0.00,9300 ,5213 
20181025,0.00,9552 ,5283 
20181026,11.23,8824 ,4760 
20181027,3.33,8955 ,4870 
20181028,5.75,9146 ,4872 
20181029,2.98,8716 ,4871 
20181030,0.00,9474 ,5155 
20181031,0.00,9208 ,4840 
20181101,0.00,9261 ,4841 
20181102,0.00,9594 ,4781 
20181103,0.00,9425 ,4797 
20181104,0.00,9077 ,4799 
20181105,0.00,9430 ,4793 
20181106,0.00,9034 ,4863 
20181107,5.14,9242 ,4746 
20181108,30.18,8058 ,5403 
20181109,0.86,9007 ,5445 
20181110,0.00,10019 ,5146 
20181111,7.84,8709 ,5234 
20181112,0.25,8939 ,5371 
20181113,0.00,9323 ,5044 
20181114,0.00,9552 ,5078 
20181115,0.00,8607 ,5446 
20181116,2.93,9489 ,5407 
20181117,0.00,9627 ,5241 
20181118,0.00,8645 ,5240 
20181119,0.00,9529 ,5244 
20181120,0.00,8970 ,5307 
20181121,0.00,8059 ,5322 
20181122,0.00,8577 ,5083 
20181123,0.00,9418 ,5038 
20181124,5.71,10511 ,5130 
20181125,0.00,10525 ,5133 
20181126,0.00,9907 ,5135 
20181127,0.00,9631 ,5058 
20181128,0.00,10220 ,4809 
20181129,0.00,10512 ,4932 
20181130,0.00,10066 ,4367 
20181201,0.00,10351 ,4577 
20181202,0.01,9977 ,4576 
20181203,8.73,9746 ,4575 
20181204,16.04,9539 ,5084 
20181205,0.00,10314 ,5099 
20181206,4.31,9780 ,4667 
20181207,3.05,10260 ,4564 
20181208,1.01,9792 ,4233 
20181209,1.25,9997 ,4216 
20181210,0.00,10009 ,4337 
20181211,0.68,9848 ,4547 
20181212,0.00,9765 ,4067 
20181213,0.09,10377 ,4468 
20181214,0.00,11162 ,3676 
20181215,0.00,10733 ,4260 
20181216,0.03,10404 ,4266 
20181217,0.24,9898 ,4262 
20181218,0.00,9821 ,4059 
20181219,0.00,9809 ,4072 
20181220,0.00,9693 ,4090 
20181221,0.00,9992 ,3579 
20181222,0.01,9624 ,4288 
20181223,1.99,9696 ,4741 
20181224,0.00,9236 ,4743 
20181225,0.00,9438 ,4729 
20181226,0.49,9559 ,4608 
20181227,0.08,9511 ,4326 
20181228,8.99,9792 ,3921 
20181229,1.84,9984 ,4279 
20181230,0.43,10156 ,4277 
20181231,0.00,11061 ,4279 
20190101,0.01,10331 ,4151 
20190102,0.00,11145 ,4155 
20190103,0.00,10995 ,4815 
20190104,0.00,11325 ,4301 
20190105,0.02,10755 ,4380 
20190106,0.00,10584 ,4382 
20190107,0.00,10872 ,4381 
20190108,0.00,10299 ,4349 
20190109,0.00,10285 ,4426 
20190110,0.00,10575 ,4571 
20190111,0.09,10367 ,4758 
20190112,3.33,10666 ,4368 
20190113,0.00,10329 ,4361 
20190114,0.00,10002 ,4366 
20190115,0.00,9978 ,4236 
20190116,0.00,9848 ,4323 
20190117,0.00,10119 ,3973 
20190118,0.00,10155 ,3963 
20190119,1.40,9810 ,3766 
20190120,0.20,9050 ,3762 
20190121,0.00,9537 ,3763 
20190122,0.00,9734 ,3864 
20190123,0.00,9325 ,3753 
20190124,0.00,10126 ,3625 
20190125,0.00,9528 ,3667 
20190126,0.00,10151 ,3708 
20190127,0.00,9293 ,3703 
20190128,0.00,7911 ,3707 
20190129,0.00,9196 ,4420 
20190130,0.00,8661 ,3651 
20190131,8.34,8750 ,3658 
20190201,0.00,8787 ,4402 
20190202,0.14,9748 ,4319 
20190203,11.88,9463 ,4319 
20190204,0.00,10005 ,4320 
20190205,0.00,10804 ,4597 
20190206,0.00,9464 ,4592 
20190207,0.00,8707 ,4593 
20190208,0.00,8341 ,4228 
20190209,0.00,8219 ,3799 
20190210,0.00,8443 ,3792 
20190211,0.00,8948 ,3783 
20190212,0.00,8587 ,3860 
20190213,0.00,9009 ,3889 
20190214,0.00,8842 ,3645 
20190215,0.00,9163 ,4023 
20190216,0.10,8278 ,3717 
20190217,0.00,8416 ,3711 
20190218,0.59,8784 ,3719 
20190219,19.11,7933 ,3813 
20190220,0.16,8338 ,3919 
20190221,0.00,8706 ,3901 
20190222,0.00,8592 ,4310 
20190223,0.00,8764 ,4303 
20190224,0.00,8262 ,4311 
20190225,0.00,8256 ,4526 
20190226,0.00,8634 ,4468 
20190227,0.46,8815 ,4328 
20190228,0.00,8588 ,4227 
20190301,0.00,7836 ,4124 
20190302,0.00,8333 ,4223 
20190303,0.00,7974 ,4213 
20190304,0.00,8486 ,4221 
20190305,0.00,8126 ,4958 
20190306,0.36,8385 ,4337 
20190307,0.00,8209 ,4047 
20190308,0.00,8739 ,4123 
20190309,0.39,7820 ,4767 
20190310,8.87,7677 ,4764 
20190311,3.44,7714 ,4761 
20190312,0.51,8003 ,5025 
20190313,0.00,8627 ,4507 
20190314,0.00,8256 ,4184 
20190315,0.73,7609 ,4525 
20190316,0.00,8145 ,4758 
20190317,0.00,8495 ,4751 
20190318,0.00,9190 ,4752 
20190319,0.00,8263 ,4825 
20190320,10.97,7443 ,4148 
20190321,0.24,8033 ,4155 
20190322,0.00,8498 ,3944 
20190323,0.00,8142 ,4654 
20190324,0.00,7530 ,4655 
20190325,0.00,8227 ,4652 
20190326,0.00,8287 ,5017 
20190327,0.00,8776 ,4602 
20190328,0.00,8346 ,5289 
20190329,0.00,8793 ,5288 
20190330,2.14,8128 ,4415 
20190331,0.00,7530 ,4412 
20190401,0.00,7761 ,4416 
20190402,0.00,8389 ,4484 
20190403,0.00,9058 ,4339 
20190404,0.00,8542 ,3871 
20190405,0.00,8833 ,3783 
20190406,0.00,8648 ,4023 
20190407,3.59,8013 ,4026 
20190408,0.00,8058 ,4028 
20190409,37.93,7882 ,4601 
20190410,4.51,7662 ,5245 
20190411,0.00,7674 ,5244 
20190412,0.00,8319 ,5443 
20190413,0.00,7926 ,4824 
20190414,1.26,7686 ,4303 
20190415,0.00,7934 ,4306 
20190416,0.00,8326 ,4402 
20190417,0.07,7923 ,4041 
20190418,0.00,8619 ,4149 
20190419,0.08,8012 ,4023 
20190420,0.00,8770 ,4122 
20190421,0.00,8181 ,4211 
20190422,0.00,8430 ,4206 
20190423,2.74,7869 ,4212 
20190424,0.00,8395 ,3522 
20190425,3.38,7966 ,3212 
20190426,0.66,8226 ,2265 
20190427,0.00,8781 ,2849 
20190428,2.23,8380 ,2773 
20190429,33.94,7895 ,3133 
20190430,0.19,8571 ,2846 
20190501,0.00,8377 ,3704 
20190502,0.00,8542 ,3705 
20190503,0.00,8843 ,3340 
20190504,0.00,9426 ,3235 
20190505,0.00,10352 ,3236 
20190506,0.00,9462 ,3233 
20190507,0.00,9006 ,3236 
20190508,0.00,9062 ,3251 
20190509,0.00,9230 ,4047 
20190510,0.00,9517 ,4667 
20190511,0.00,9362 ,4659 
20190512,0.00,9897 ,4662 
20190513,0.00,9767 ,4653 
20190514,0.00,9767 ,4668 
20190515,0.00,10037 ,4302 
20190516,0.00,9358 ,4323 
20190517,9.02,10160 ,4322 
20190518,29.64,8977 ,3728 
20190519,1.50,7835 ,3133 
20190520,2.02,8556 ,3132 
20190521,0.00,8690 ,3133 
20190522,0.00,8419 ,3136 
20190523,0.00,8805 ,3141 
20190524,0.00,9324 ,3212 
20190525,0.00,9080 ,3655 
20190526,1.07,8482 ,3653 
20190527,32.71,7962 ,3656 
20190528,0.00,9016 ,3659 
20190529,0.00,9083 ,3656 
20190530,0.00,10271 ,3567 
20190531,1.69,9318 ,3480 
20190601,0.00,9330 ,3718 
20190602,0.00,8586 ,3719 
20190603,0.00,8545 ,3720 
20190604,0.00,9384 ,3723 
20190605,0.00,8746 ,4233 
20190606,26.44,9378 ,3974 
20190607,4.22,8905 ,3977 
20190608,0.00,8481 ,3971 
20190609,0.00,9015 ,3929 
20190610,0.20,8114 ,3941 
20190611,0.01,7409 ,4543 
20190612,0.00,7285 ,4546 
20190613,0.00,8214 ,4891 
20190614,0.91,9508 ,4893 
20190615,0.00,8652 ,4427 
20190616,0.00,8030 ,4423 
20190617,0.00,7892 ,4421 
20190618,0.00,9192 ,4423 
20190619,0.00,8423 ,4426 
20190620,0.00,9826 ,4426 
20190621,0.00,9939 ,4431 
20190622,0.01,8865 ,4222 
20190623,0.13,9069 ,4223 
20190624,0.00,9062 ,4226 
20190625,0.00,9357 ,4223 
20190626,15.64,8028 ,4339 
20190627,0.42,8919 ,4341 
20190628,0.00,8835 ,4342 
20190629,46.20,7760 ,4345 
20190630,0.00,8463 ,4342 
20190701,3.64,8217 ,4356 
20190702,0.06,9021 ,4345 
20190703,0.00,10145 ,4357 
20190704,0.00,9939 ,5001 
20190705,0.00,9615 ,4486 
20190706,0.00,10130 ,4626 
20190707,5.27,9637 ,4623 
20190708,1.17,9575 ,4622 
20190709,0.27,9549 ,4623 
20190710,13.14,8393 ,4620 
20190711,0.25,8558 ,4622 
20190712,0.00,9613 ,4621 
20190713,0.06,9405 ,4621 
20190714,0.00,9350 ,4623 
20190715,0.00,9328 ,4567 
20190716,0.26,8920 ,4605 
20190717,4.52,8690 ,4622 
20190718,28.94,7309 ,4653 
20190719,2.50,7626 ,4650 
20190720,47.30,7000 ,4688 
20190721,14.61,7660 ,4656 
20190722,0.01,7562 ,4708 
20190723,0.00,8375 ,4756 
20190724,0.25,8825 ,4787 
20190725,1.17,8278 ,4789 
20190726,10.08,8182 ,4687 
20190727,13.86,8044 ,4694 
20190728,4.38,8555 ,4655 
20190729,0.00,9163 ,4671 
20190730,0.00,9088 ,4657 
20190731,0.00,9850 ,4674 
20190801,0.00,10047 ,3992 
20190802,0.00,10189 ,3314 
20190803,0.04,10262 ,3323 
20190804,0.00,10874 ,3306 
20190805,0.00,9982 ,3536 
20190806,0.00,10143 ,3527 
20190807,0.00,9869 ,3534 
20190808,5.43,10032 ,3668 
20190809,0.00,10022 ,3652 
20190810,0.00,9869 ,3881 
20190811,59.19,9141 ,3883 
20190812,39.51,9220 ,3886 
20190813,0.03,9374 ,3879 
20190814,0.00,9632 ,3189 
20190815,0.00,8438 ,3183 
20190816,2.37,8786 ,3204 
20190817,0.73,8341 ,3200 
20190818,0.00,7806 ,3205 
20190819,0.00,8524 ,3212 
20190820,0.00,8968 ,3216 
20190821,24.24,8774 ,3284 
20190822,72.52,8294 ,3326 
20190823,0.00,8199 ,3244 
20190824,0.00,9124 ,3233 
20190825,0.52,7947 ,3236 
20190826,0.00,8365 ,3288 
20190827,34.56,8811 ,3279 
20190828,0.61,8786 ,3264 
20190829,0.00,8437 ,3288 
20190830,0.42,8942 ,3286 
20190831,0.74,8298 ,3249 
20190901,0.27,8341 ,3245 
20190902,2.15,8228 ,3243 
20190903,2.97,8527 ,3416 
20190904,13.12,9282 ,3323 
20190905,23.73,8355 ,3218 
20190906,2.40,9218 ,3461 
20190907,19.86,8341 ,3416 
20190908,3.49,8828 ,3413 
20190909,21.10,8418 ,3420 
20190910,0.00,9333 ,3588 
20190911,0.01,10100 ,3522 
20190912,1.88,11288 ,3844 
20190913,0.00,12570 ,3859 
20190914,0.00,11500 ,3671 
20190915,0.00,10908 ,3671 
20190916,0.00,9305 ,3549 
20190917,0.00,10255 ,3534 
20190918,0.00,9435 ,3586 
20190919,0.00,8878 ,3582 
20190920,0.00,9437 ,3582 
20190921,59.89,9030 ,3549 
20190922,92.82,7683 ,3561 
20190923,0.08,8716 ,3568 
20190924,0.00,8803 ,3548 
20190925,0.00,9531 ,3642 
20190926,0.00,9062 ,3644 
20190927,0.00,9007 ,3641 
20190928,0.33,9104 ,3606 
20190929,0.00,9372 ,3602 
20190930,0.00,8998 ,3612 
20191001,41.13,8420 ,3616 
20191002,84.83,8564 ,3684 
20191003,3.03,9290 ,3624 
20191004,0.00,8576 ,3622 
20191005,0.00,9400 ,4437 
20191006,0.00,9246 ,5236 
20191007,17.26,9024 ,5264 
20191008,0.01,9032 ,5368 
20191009,0.00,9450 ,5349 
20191010,0.00,8992 ,5457 
20191011,0.00,9696 ,5436 
20191012,0.00,9193 ,5442 
20191013,0.00,8718 ,5446 
20191014,0.00,9395 ,5458 
20191015,0.00,9522 ,5456 
20191016,0.00,9479 ,5049 
20191017,0.00,8188 ,5048 
20191018,0.67,8340 ,5486 
20191019,0.00,8715 ,5559 
20191020,0.00,8281 ,5551 
20191021,0.00,8485 ,5554 
20191022,0.00,8854 ,5562 
20191023,0.00,8383 ,5032 
20191024,0.00,8141 ,4123 
20191025,0.00,8674 ,4889 
20191026,0.00,7903 ,4890 
20191027,0.00,8431 ,4887 
20191028,0.00,8189 ,4889 
20191029,0.01,8327 ,4671 
20191030,0.00,7812 ,4175 
20191031,0.00,7865 ,4177 
20191101,0.00,8325 ,3491 
20191102,0.00,8019 ,3642 
20191103,0.00,8358 ,3643 
20191104,0.00,7862 ,3644 
20191105,0.00,8154 ,3870 
20191106,0.00,7627 ,3548 
20191107,0.00,7861 ,4092 
20191108,0.00,8683 ,4086 
20191109,0.00,7878 ,4087 
20191110,9.42,8069 ,4089 
20191111,0.22,7479 ,4087 
20191112,0.00,7868 ,4071 
20191113,4.35,7793 ,4062 
20191114,0.56,7723 ,3668 
20191115,0.00,8167 ,3342 
20191116,2.39,7361 ,3198 
20191117,16.54,7131 ,3189 
20191118,12.90,6783 ,3186 
20191119,0.26,6880 ,3122 
20191120,0.00,7167 ,2522 
20191121,0.00,7460 ,3495 
20191122,0.00,7329 ,4178 
20191123,0.00,7772 ,4158 
20191124,0.98,7227 ,4151 
20191125,0.00,7077 ,4150 
20191126,0.00,6869 ,4314 
20191127,0.03,7630 ,3703 
20191128,0.00,7504 ,3436 
20191129,0.00,8266 ,3560 
20191130,0.01,7424 ,3910 
20191201,18.01,7105 ,3912 
20191202,0.42,7559 ,3902 
20191203,0.33,7611 ,3846 
20191204,0.00,7828 ,3944 
20191205,0.36,7353 ,3867 
20191206,0.00,8249 ,3884 
20191207,0.00,8266 ,3786 
20191208,0.00,7676 ,3788 
20191209,0.00,7714 ,3789 
20191210,0.00,8392 ,3856 
20191211,0.08,7089 ,3508 
20191212,0.00,6148 ,3567 
20191213,0.00,7364 ,3659 
20191214,0.95,8526 ,3715 
20191215,0.00,7694 ,3841 
20191216,0.00,8207 ,3759 
20191217,3.92,7894 ,3741 
20191218,0.00,7892 ,3778 
20191219,0.00,8616 ,3789 
20191220,1.16,8387 ,3569 
20191221,0.00,7392 ,3556 
20191222,0.00,7343 ,3561 
20191223,2.05,6944 ,3845 
20191224,0.00,7370 ,3787 
20191225,0.00,6489 ,3685 
20191226,0.31,7509 ,3689 
20191227,0.02,7214 ,3570 
20191228,0.00,6186 ,3205 
20191229,11.70,6734 ,3261 
20191230,0.76,7786 ,3306 
20191231,0.14,7724 ,3312 
20200101,0.00,7552 ,3510 
20200102,0.00,8272 ,3513 
20200103,0.00,8485 ,3897 
20200104,0.00,7221 ,3781 
20200105,0.00,7388 ,3783 
20200106,8.36,7242 ,3788 
20200107,29.72,7631 ,3597 
20200108,2.61,7392 ,3410 
20200109,0.00,7516 ,3185 
20200110,0.00,7878 ,3745 
20200111,0.00,8045 ,3258 
20200112,0.00,7297 ,3251 
20200113,0.00,7762 ,3256 
20200114,0.00,7688 ,3058 
20200115,0.00,8431 ,3870 
20200116,0.00,7584 ,3181 
20200117,0.00,7810 ,3000 
20200118,0.00,7353 ,3513 
20200119,0.02,7184 ,3510 
20200120,0.00,7176 ,3512 
20200121,0.00,7730 ,3539 
20200122,7.84,7548 ,3095 
20200123,1.27,7939 ,3406 
20200124,0.00,9239 ,3155 
20200125,0.00,8431 ,3155 
20200126,0.03,7923 ,3155 
20200127,13.41,6729 ,3159 
20200128,0.00,6812 ,3156 
20200129,0.18,6672 ,3496 
20200130,0.17,6713 ,3733 
20200131,0.68,7103 ,3607 
20200201,0.00,6717 ,3607 
20200202,0.00,6543 ,3977 
20200203,0.63,6854 ,3472 
20200204,0.01,7189 ,3900 
20200205,1.26,7135 ,3892 
20200206,0.00,7379 ,3398 
20200207,0.08,8298 ,3394 
20200208,0.16,7693 ,3397 
20200209,0.00,7538 ,3399 
20200210,0.00,7443 ,3231 
20200211,0.10,7275 ,3433 
20200212,6.45,7775 ,3670 
20200213,0.27,7024 ,3777 
20200214,0.00,8029 ,3935 
20200215,5.54,7400 ,3936 
20200216,10.22,6910 ,3931 
20200217,1.70,6839 ,3930 
20200218,0.06,7431 ,3298 
20200219,0.00,7946 ,3860 
20200220,0.00,8126 ,3304 
20200221,3.14,7908 ,3070 
20200222,0.03,7181 ,3071 
20200223,0.00,7020 ,3076 
20200224,1.93,7618 ,3077 
20200225,7.09,7065 ,3228 
20200226,0.13,7397 ,3138 
20200227,0.00,8401 ,3239 
20200228,4.37,7178 ,3977 
20200229,0.00,7172 ,3971 
20200301,0.00,6961 ,3979 
20200302,0.00,7274 ,3977 
20200303,0.00,7338 ,3472 
20200304,0.00,7422 ,3900 
20200305,0.00,7253 ,3892 
20200306,0.00,7166 ,3398 
20200307,3.42,6942 ,3393 
20200308,0.00,7409 ,3397 
20200309,4.40,7226 ,3398 
20200310,8.31,6862 ,3231 
20200311,0.00,7742 ,3433 
20200312,0.00,7424 ,3516 
20200313,0.00,7385 ,3301 
20200314,0.00,7724 ,3254 
20200315,0.00,7309 ,3252 
20200316,0.00,7777 ,3256 
20200317,0.00,7429 ,3576 
20200318,0.00,7765 ,3585 
20200319,0.00,7459 ,3954 
20200320,0.00,7740 ,3499 
20200321,0.00,7455 ,3469 
20200322,0.09,7165 ,3466 
20200323,0.00,7420 ,3467 
20200324,0.00,7457 ,3697 
20200325,0.00,7512 ,3226 
20200326,24.58,7052 ,3564 
20200327,3.39,7220 ,3566 
20200328,0.00,6499 ,3740 
20200329,0.00,7121 ,3741 
20200330,0.00,7246 ,3746 
20200331,0.00,7401 ,3938 
20200401,0.02,7500 ,3945 
20200402,0.00,7296 ,3945 
20200403,0.00,7462 ,3945 
20200404,0.00,7650 ,3945 
20200405,0.00,7391 ,3945 
20200406,0.00,7113 ,3945 
20200407,0.00,7880 ,3945 
20200408,0.00,7481 ,3573 
20200409,0.00,7418 ,3577 
20200410,0.00,7162 ,3501 
20200411,3.76,6440 ,3688 
20200412,2.31,6617 ,3686 
20200413,0.00,6626 ,3674 
20200414,0.00,6414 ,3284 
20200415,0.00,6895 ,3361 
20200416,0.00,7172 ,3363 
20200417,9.27,6427 ,3854 
20200418,0.00,6174 ,3856 
20200419,28.67,5673 ,3854 
20200420,0.00,6482 ,3859 
20200421,0.00,6520 ,3036 
20200422,0.00,6310 ,3245 
20200423,0.00,7230 ,3255 
20200424,0.00,7249 ,3597 
20200425,0.00,7107 ,3595 
20200426,0.00,6760 ,3599 
20200427,0.00,7647 ,3567 
20200428,0.00,7685 ,3478 
20200429,0.00,7945 ,3459 
20200430,0.00,7970 ,3143 
20200501,0.00,8208 ,3236 
20200502,0.53,8242 ,3238 
20200503,51.79,7068 ,3233 
20200504,0.00,7369 ,3239 
20200505,0.00,7195 ,3144 
20200506,0.00,7815 ,3234 
20200507,0.00,7688 ,3632 
20200508,6.63,7757 ,3630 
20200509,28.72,6400 ,3185 
20200510,1.40,6773 ,3188 
20200511,0.00,7383 ,3186 
20200512,0.00,6583 ,3333 
20200513,0.00,7911 ,3484 
20200514,0.00,7521 ,3471 
20200515,17.49,6460 ,3255 
20200516,0.06,6529 ,3893 
20200517,0.00,7084 ,3892 
20200518,13.59,6720 ,3896 
20200519,1.95,7356 ,3541 
20200520,0.00,6654 ,3043 
20200521,0.00,7126 ,3533 
20200522,0.00,7879 ,3426 
20200523,0.00,7288 ,3423 
20200524,2.54,6848 ,3422 
20200525,0.00,7140 ,3416 
20200526,0.00,7392 ,3015 
20200527,0.00,7897 ,3664 
20200528,0.00,7430 ,3868 
20200529,0.00,7780 ,3647 
20200530,0.00,7481 ,3645 
20200531,2.30,7785 ,3641 
20200601,0.25,8095 ,3351 
20200602,0.00,8463 ,3535 
20200603,0.19,8341 ,3609 
20200604,0.00,9140 ,3295 
20200605,0.00,8482 ,3589 
20200606,0.00,9132 ,3750 
20200607,0.00,8577 ,3755 
20200608,0.00,7725 ,3756 
20200609,0.00,7944 ,3082 
20200610,9.70,8339 ,3693 
20200611,3.73,8014 ,3293 
20200612,12.51,7557 ,4039 
20200613,30.27,7759 ,4033 
20200614,30.27,6574 ,4032 
20200615,0.00,7375 ,4033 
20200616,0.00,7639 ,3282 
20200617,1.45,7181 ,3645 
20200618,38.02,6654 ,3688 
20200619,1.83,7408 ,3902 
20200620,0.00,7897 ,3566 
20200621,0.24,7683 ,3561 
20200622,0.00,7788 ,3562 
20200623,0.00,7615 ,3543 
20200624,15.24,7135 ,3014 
20200625,0.33,7319 ,3308 
20200626,0.00,7465 ,3312 
20200627,0.00,7906 ,3405 
20200628,0.00,7749 ,3454 
20200629,38.26,6870 ,3514 
20200630,9.13,6642 ,3485 
20200701,0.08,7559 ,3011 
20200702,0.00,8120 ,3072 
20200703,7.20,7491 ,3618 
20200704,0.01,7070 ,3536 
20200705,0.08,7215 ,3530 
20200706,1.80,7589 ,3526 
20200707,0.34,7591 ,3530 
20200708,0.00,7938 ,3871 
20200709,0.00,7989 ,4215 
20200710,29.24,7776 ,4211 
20200711,0.00,7372 ,4199 
20200712,59.73,7070 ,4198 
20200713,96.18,6795 ,4191 
20200714,6.72,7490 ,4194 
20200715,5.26,7337 ,4931 
20200716,0.00,8088 ,4932 
20200717,0.00,8373 ,4665 
20200718,0.13,7465 ,4894 
20200719,0.49,6699 ,4891 
20200720,28.03,7645 ,4893 
20200721,8.32,8020 ,4779 
20200722,15.14,7396 ,4024 
20200723,55.12,6533 ,4364 
20200724,9.88,7496 ,4461 
20200725,3.72,7972 ,3852 
20200726,0.00,7436 ,3291 
20200727,8.72,7818 ,3293 
20200728,3.32,7960 ,3098 
20200729,161.00,6941 ,3061 
20200730,4.75,8140 ,3063 
20200731,0.16,8526 ,3061 
20200801,12.01,9149 ,3614 
20200802,0.01,9161 ,3612 
20200803,0.00,8389 ,3613 
20200804,0.00,8515 ,3242 
20200805,3.55,8283 ,3245 
20200806,14.88,7825 ,3610 
20200807,96.04,7410 ,3068 
20200808,135.98,7503 ,3517 
20200809,3.11,7930 ,3992 
20200810,39.17,8982 ,3399 
20200811,2.38,7825 ,3382 
20200812,0.25,8446 ,3284 
20200813,0.00,8830 ,3364 
20200814,0.00,8804 ,3471 
20200815,0.00,9234 ,3462 
20200816,0.00,8814 ,3460 
20200817,0.00,8966 ,3568 
20200818,0.00,9464 ,3715 
20200819,0.00,9440 ,3468 
20200820,0.00,9050 ,3385 
20200821,0.00,9196 ,3462 
20200822,0.00,8587 ,3325 
20200823,0.00,8588 ,3326 
20200824,0.02,8401 ,3465 
20200825,0.00,9307 ,3382 
20200826,38.72,8080 ,3471 
20200827,2.31,8341 ,3571 
20200828,2.96,8488 ,3564 
20200829,8.47,8106 ,3613 
20200830,0.00,8641 ,3611 
20200831,1.26,7889 ,3612 
20200901,0.61,8180 ,3561 
20200902,51.52,8272 ,3466 
20200903,38.88,7989 ,3629 
20200904,0.00,8342 ,3471 
20200905,0.00,7903 ,3408 
20200906,15.51,7497 ,3474 
20200907,92.64,7350 ,3477 
20200908,0.00,8183 ,3586 
20200909,14.88,8134 ,3458 
20200910,0.00,8659 ,3482 
20200911,20.06,8032 ,3371 
20200912,9.27,7311 ,3288 
20200913,3.90,7849 ,3283 
20200914,0.00,8110 ,3288 
20200915,0.00,8292 ,3417 
20200916,1.90,7736 ,3582 
20200917,5.42,8359 ,3589 
20200918,1.45,8680 ,3652 
20200919,0.00,8821 ,3564 
20200920,0.00,8151 ,3564 
20200921,0.00,8421 ,3471 
20200922,0.00,8371 ,3329 
20200923,0.00,8481 ,3471 
20200924,0.00,8088 ,3446 
20200925,0.00,8657 ,3423 
20200926,0.00,9239 ,3471 
20200927,0.00,9353 ,3470 
20200928,0.00,8990 ,3471 
20200929,0.00,8737 ,3460 
20200930,0.00,8791 ,3482 
20201001,0.00,8980 ,3564 
20201002,0.00,9824 ,3561 
20201003,2.09,8567 ,3514 
20201004,8.67,8053 ,3516 
20201005,0.00,7743 ,3541 
20201006,0.00,8354 ,3511 
20201007,0.00,9381 ,3402 
20201008,0.00,9158 ,3412 
20201009,0.00,9079 ,3464 
20201010,0.00,8996 ,3456 
20201011,0.00,8432 ,3455 
20201012,0.00,8937 ,3456 
20201013,0.00,9119 ,3471 
20201014,0.00,8484 ,3423 
20201015,0.00,8521 ,3456 
20201016,0.00,9012 ,3458 
20201017,0.00,8416 ,3459 
20201018,0.00,8571 ,3456 
20201019,0.00,8301 ,3454 
20201020,0.00,8524 ,3487 
20201021,6.12,8078 ,3479 
20201022,0.00,7609 ,3459 
20201023,0.00,7544 ,3452 
20201024,0.00,7449 ,3456 
20201025,0.00,7572 ,3455 
20201026,0.00,7989 ,3452 
20201027,0.00,7639 ,3458 
20201028,0.00,8241 ,3459 
20201029,0.00,8217 ,3457 
20201030,0.00,7672 ,3460 
20201031,0.00,7602 ,3485 
20201101,5.47,7290 ,3486 
20201102,0.40,7752 ,3485 
20201103,1.34,7073 ,3467 
20201104,0.00,7145 ,3405 
20201105,0.00,7995 ,3452 
20201106,0.00,8114 ,3449 
20201107,0.00,7786 ,3456 
20201108,0.00,7583 ,3455 
20201109,0.00,6625 ,3456 
20201110,0.00,8153 ,3459 
20201111,0.00,9412 ,3527 
20201112,0.00,8990 ,3530 
20201113,0.00,8839 ,3512 
20201114,0.00,8614 ,3523 
20201115,0.00,7879 ,3523 
20201116,0.00,7487 ,3519 
20201117,1.98,7849 ,3542 
20201118,1.28,8157 ,3519 
20201119,47.83,7553 ,3488 
20201120,0.00,7882 ,3456 
20201121,0.00,7839 ,3474 
20201122,4.20,7553 ,3477 
20201123,0.00,7583 ,3475 
20201124,0.00,6239 ,3564 
20201125,0.00,7818 ,3514 
20201126,0.00,9374 ,3529 
20201127,0.00,8076 ,3501 
20201128,0.00,7867 ,3489 
20201129,0.00,7557 ,3492 
20201130,0.00,7923 ,3512 
20201201,0.00,7862 ,3506 
20201202,0.00,7800 ,3512 
20201203,0.00,8076 ,3523 
20201204,0.00,8609 ,3543 
20201205,0.00,8743 ,3540 
20201206,0.00,7781 ,3544 
20201207,0.00,8239 ,3546 
20201208,0.00,8668 ,3574 
20201209,0.00,8056 ,3582 
20201210,0.00,7837 ,3564 
20201211,0.00,8311 ,3546 
20201212,0.00,8301 ,3477 
20201213,0.66,8028 ,3479 
20201214,0.23,7445 ,3488 
20201215,0.10,7894 ,3456 
20201216,0.37,8220 ,3588 
20201217,0.00,8602 ,3529 
20201218,0.16,8514 ,3568 
20201219,0.00,9234 ,3556 
20201220,0.25,9043 ,3558 
20201221,0.00,9646 ,3512 
20201222,0.00,9105 ,3546 
20201223,0.00,8751 ,3587 
20201224,0.00,8831 ,3547 
20201225,0.18,8642 ,3587 
20201226,0.00,8175 ,3582 
20201227,8.56,8232 ,3584 
20201228,0.00,8761 ,3581 
20201229,1.59,8365 ,3602 
20201230,3.38,8234 ,3608 
20201231,1.46,8166 ,3624 
20210101,0.34,8886 ,3689 
20210102,0.65,9675 ,3644 
20210103,0.00,9467 ,3650 
20210104,0.00,9616 ,3668 
20210105,0.29,9890 ,3682 
20210106,1.14,9368 ,3628 
20210107,4.29,9516 ,3671 
20210108,0.38,10071 ,3663 
20210109,0.42,8889 ,3653 
20210110,0.01,8019 ,3629 
20210111,0.00,6535 ,3643 
20210112,0.34,6580 ,3656 
20210113,0.00,7245 ,3655 
20210114,0.00,7380 ,3629 
20210115,0.00,7393 ,3623 
20210116,0.00,7262 ,4429 
20210117,0.57,7017 ,5232 
20210118,3.13,8095 ,5232 
20210119,0.00,8152 ,4828 
20210120,0.00,8095 ,4351 
20210121,7.10,9286 ,4692 
20210122,1.82,8816 ,4451 
20210123,6.00,8570 ,4297 
20210124,0.16,9024 ,4297 
20210125,0.08,8691 ,4297 
20210126,5.37,8513 ,4252 
20210127,0.00,8592 ,4617 
20210128,0.89,9263 ,4791 
20210129,0.88,8771 ,4404 
20210130,0.00,8995 ,4241 
20210131,1.57,8785 ,4241 
20210201,4.46,8635 ,4241 
20210202,0.00,8521 ,3555 
20210203,0.01,8675 ,3468 
20210204,1.53,8389 ,3370 
20210205,0.00,8558 ,4020 
20210206,0.00,8538 ,4456 
20210207,0.00,8474 ,4456 
20210208,0.00,8653 ,4456 
20210209,0.00,9097 ,3985 
20210210,0.00,7962 ,4460 
20210211,0.00,8713 ,3919 
20210212,0.00,8337 ,3919 
20210213,0.00,8041 ,3919 
20210214,1.61,7029 ,3919 
20210215,0.64,6766 ,3919 
20210216,1.50,6959 ,3914 
20210217,1.63,7162 ,3431 
20210218,0.53,7738 ,3378 
20210219,0.00,8259 ,3960 
20210220,0.00,8207 ,3917 
20210221,0.00,8294 ,3917 
20210222,0.00,7970 ,3917 
20210223,0.00,7529 ,4312 
20210224,0.00,7287 ,3518 
20210225,16.40,7195 ,2827 
20210226,0.16,7666 ,3015 
20210227,0.00,7265 ,3758 
20210228,0.54,7700 ,3758 
20210301,38.17,6831 ,3129 
20210302,0.00,7172 ,3129 
20210303,0.00,7255 ,4138 
20210304,4.44,7129 ,4786 
20210305,0.00,7404 ,5508 
20210306,0.00,7313 ,5381 
20210307,0.00,7031 ,5381 
20210308,0.00,7401 ,5381 
20210309,0.00,7062 ,5900 
20210310,0.00,7463 ,5840 
20210311,2.97,7415 ,5518 
20210312,10.78,7448 ,5856 
20210313,0.00,7286 ,5984 
20210314,0.00,7475 ,5984 
20210315,3.16,7039 ,5984 
20210316,0.82,7270 ,5988 
20210317,0.00,7270 ,6462 
20210318,0.00,7582 ,6359 
20210319,0.00,7351 ,6091 
20210320,10.17,7019 ,5772 
20210321,0.00,6939 ,5772 
20210322,0.00,7235 ,5772 
20210323,0.00,7069 ,5623 
20210324,0.00,7181 ,5451 
20210325,0.00,7167 ,5600 
20210326,0.00,7639 ,5247 
20210327,31.03,7467 ,4657 
20210328,0.01,7248 ,3891 
20210329,0.00,7240 ,3891 
20210330,0.00,7769 ,3834 
20210331,0.00,7848 ,3514 
20210401,0.00,7682 ,3379 
20210402,0.00,7577 ,3918 
20210403,5.56,7715 ,3559 
20210404,1.49,6978 ,3559 
20210405,0.00,7510 ,3559 
20210406,0.00,7660 ,3510 
20210407,0.00,7801 ,3474 
20210408,0.00,8067 ,3782 
20210409,0.00,8190 ,3716 
20210410,0.00,7973 ,3348 
20210411,0.00,8274 ,3348 
20210412,26.73,7469 ,3348 
20210413,1.68,7784 ,3960 
20210414,0.00,7510 ,4373 
20210415,0.00,7912 ,4396 
20210416,0.25,7805 ,4205 
20210417,0.00,8090 ,4504 
20210418,0.00,7648 ,4504 
20210419,0.00,7975 ,4504 
20210420,0.00,8148 ,4335 
20210421,0.00,8084 ,3428 
20210422,0.00,8038 ,3981 
20210423,0.00,8407 ,3649 
20210424,0.00,8833 ,4496 
20210425,0.00,8489 ,5176 
20210426,0.00,8812 ,5176 
20210427,0.00,8728 ,5348 
20210428,0.00,8679 ,5217 
20210429,1.13,8772 ,5241 
20210430,3.59,8337 ,5102 
20210501,8.10,8032 ,5274 
20210502,0.00,7917 ,5274 
20210503,0.00,7975 ,5274 
20210504,20.58,7548 ,5301 
20210505,0.41,7945 ,5159 
20210506,0.00,8236 ,5496 
20210507,0.00,7829 ,4707 
20210508,0.00,8445 ,4313 
20210509,0.00,8384 ,4313 
20210510,0.00,7992 ,4313 
20210511,0.28,7916 ,4095 
20210512,0.00,8683 ,4176 
20210513,0.00,9119 ,3979 
20210514,0.00,8645 ,4436 
20210515,23.75,7759 ,4632 
20210516,27.34,7394 ,4958 
20210517,1.49,7637 ,4959 
20210518,0.00,7908 ,4719 
20210519,0.00,8196 ,4478 
20210520,4.98,7944 ,4479 
20210521,0.09,8017 ,4250 
20210522,0.00,8034 ,5541 
20210523,0.08,8161 ,6717 
20210524,0.56,7792 ,6718 
20210525,0.00,7979 ,5874 
20210526,0.08,7977 ,5447 
20210527,0.05,7755 ,4614 
20210528,6.63,7884 ,5009 
20210529,0.00,8175 ,5071 
20210530,0.49,8326 ,5071 
20210531,0.01,8117 ,5071 
20210601,0.00,8603 ,5668 
20210602,0.00,8707 ,5044 
20210603,16.75,8014 ,4910 
20210604,0.72,8250 ,4911 
20210605,0.00,8169 ,4874 
20210606,0.00,8346 ,4874 
20210607,0.00,8286 ,4874 
20210608,0.00,8432 ,4937 
20210609,0.00,8934 ,5044 
20210610,56.63,8213 ,4954 
20210611,45.66,8373 ,5303 
20210612,0.08,8456 ,4686 
20210613,0.00,8162 ,4686 
20210614,0.00,8231 ,4686 
20210615,18.40,7622 ,5262 
20210616,0.00,6802 ,4976 
20210617,1.08,8108 ,4305 
20210618,5.53,9334 ,3954 
20210619,0.00,8673 ,3267 
20210620,0.00,8406 ,3267 
20210621,0.00,7164 ,3267 
20210622,0.00,8276 ,3763 
20210623,0.00,7616 ,4062 
20210624,0.00,7196 ,4456 
20210625,0.09,7961 ,4462 
20210626,0.34,8496 ,4490 
20210627,0.01,8535 ,4490 
20210628,0.63,7939 ,4490 
20210629,0.02,8225 ,4830 
20210630,0.12,8897 ,4550 
20210701,0.00,8588 ,4971 
20210702,0.00,9066 ,4583 
20210703,33.53,7947 ,4769 
20210704,0.72,6514 ,4769 
20210705,31.17,6598 ,4769 
20210706,107.98,6052 ,4628 
20210707,15.88,6088 ,4437 
20210708,1.25,6302 ,4538 
20210709,0.22,7692 ,4003 
20210710,0.00,8025 ,4475 
20210711,0.00,7205 ,4475 
20210712,0.00,7894 ,4475 
20210713,0.00,7692 ,4360 
20210714,0.00,8164 ,4281 
20210715,0.00,8226 ,4208 
20210716,6.91,8270 ,4160 
20210717,8.86,7814 ,4263 
20210718,0.18,7998 ,4263 
20210719,0.96,7825 ,4263 
20210720,0.08,8631 ,4206 
20210721,0.00,8858 ,4113 
20210722,0.00,9542 ,4833 
20210723,0.00,10066 ,5458 
20210724,0.00,9823 ,5826 
20210725,0.00,9478 ,6505 
20210726,0.00,9757 ,6506 
20210727,0.00,10318 ,5564 
20210728,0.00,10325 ,5112 
20210729,0.00,9309 ,4134 
20210730,6.69,9004 ,4697 
20210731,0.52,7628 ,4635 
20210801,7.07,7560 ,4635 
20210802,26.56,7297 ,4635 
20210803,10.70,7396 ,5084 
20210804,0.00,8461 ,4850 
20210805,0.00,8659 ,4317 
20210806,0.83,8020 ,3278 
20210807,0.00,8859 ,4056 
20210808,4.40,8189 ,4445 
20210809,0.00,7980 ,4445 
20210810,0.00,8668 ,4408 
20210811,0.00,8205 ,4256 
20210812,0.09,8151 ,4420 
20210813,5.12,8226 ,4257 
20210814,8.82,7536 ,4314 
20210815,3.58,7791 ,4314 
20210816,0.00,8054 ,4314 
20210817,0.24,7786 ,4314 
20210818,10.43,7784 ,3642 
20210819,0.27,7769 ,4558 
20210820,0.00,7766 ,4204 
20210821,39.66,6971 ,4307 
20210822,0.00,7755 ,4307 
20210823,20.44,7752 ,4307 
20210824,41.54,7255 ,3971 
20210825,2.10,7114 ,4207 
20210826,0.00,7231 ,4321 
20210827,37.20,7620 ,3439 
20210828,0.13,6639 ,3787 
20210829,28.74,7582 ,3787 
20210830,7.77,7671 ,3787 
20210831,0.00,7672 ,4571 
20210901,2.78,7629 ,4202 
20210902,5.55,7263 ,4095 
20210903,5.56,7348 ,3630 
20210904,0.00,7732 ,4092 
20210905,3.04,6928 ,4092 
20210906,4.22,6882 ,4092 
20210907,2.11,7146 ,4109 
20210908,0.09,7715 ,4622 
20210909,0.00,8065 ,4900 
20210910,0.31,8608 ,4382 
20210911,0.00,7687 ,4002 
20210912,0.00,8194 ,4002 
20210913,0.00,7731 ,4003 
20210914,1.15,6845 ,4052 
20210915,0.01,7411 ,4156 
20210916,1.67,8090 ,4173 
20210917,0.31,7914 ,3937 
20210918,0.00,9120 ,4548 
20210919,0.00,9151 ,4548 
20210920,0.00,10086 ,4548 
20210921,66.19,9044 ,4548 
20210922,0.26,8428 ,4548 
20210923,0.00,7213 ,4548 
20210924,0.00,7370 ,4560 
20210925,0.00,7326 ,3817 
20210926,0.00,7306 ,3817 
20210927,0.33,7617 ,3818 
20210928,1.12,7429 ,4319 
20210929,17.98,7196 ,3590 
20210930,0.80,7648 ,4436 
20211001,0.00,7330 ,4406 
20211002,0.00,7281 ,3498 
20211003,0.00,7842 ,3498 
20211004,0.00,7569 ,3498 
20211005,0.00,8408 ,3499 
20211006,0.00,8080 ,3139 
20211007,0.06,7984 ,3318 
20211008,2.48,8011 ,2995 
20211009,0.00,8672 ,3306 
20211010,10.67,8072 ,3306 
20211011,6.08,7582 ,3306 
20211012,6.02,7385 ,3307 
20211013,0.00,8189 ,3299 
20211014,0.00,8206 ,3259 
20211015,9.94,7613 ,3324 
20211016,4.15,7588 ,3795 
20211017,0.00,7565 ,3795 
20211018,0.00,7836 ,3795 
20211019,5.50,8074 ,3377 
20211020,0.00,8019 ,3450 
20211021,0.00,7963 ,3290 
20211022,0.15,8170 ,3291 
20211023,0.00,8702 ,2918 
20211024,0.00,8245 ,2918 
20211025,0.00,8277 ,2918 
20211026,0.00,7967 ,3055 
20211027,0.00,7935 ,2940 
20211028,0.00,9101 ,3038 
20211029,0.00,8676 ,2951 
20211030,0.00,7990 ,2837 
20211031,0.00,8265 ,2837 
20211101,0.00,8817 ,2837 
20211102,0.00,7996 ,3005 
20211103,0.00,7974 ,2717 
20211104,0.53,9225 ,2897 
20211105,0.00,8177 ,2937 
20211106,0.00,9275 ,2928 
20211107,0.00,8228 ,2928 
20211108,30.42,7347 ,2929 
20211109,1.45,8214 ,3227 
20211110,17.57,7777 ,3228 
20211111,9.82,7944 ,3926 
20211112,3.28,8312 ,3647 
20211113,0.00,8898 ,3323 
20211114,0.00,8501 ,3323 
20211115,0.00,7845 ,3324 
20211116,0.00,7245 ,3273 
20211117,0.00,8293 ,3200 
20211118,0.00,9411 ,3148 
20211119,0.00,8671 ,3039 
20211120,0.00,8221 ,2940 
20211121,0.11,7795 ,2940 
20211122,7.17,7277 ,2941 
20211123,10.58,7897 ,3072 
20211124,0.08,8340 ,3179 
20211125,0.00,9733 ,3228 
20211126,0.00,8453 ,3408 
20211127,0.00,8589 ,2937 
20211128,0.00,8001 ,2937 
20211129,0.00,8073 ,2938 
20211130,20.21,7464 ,2837 
20211201,0.91,8124 ,3686 
20211202,0.00,8914 ,3007 
20211203,2.33,9413 ,3222 
20211204,0.00,8522 ,3098 
20211205,0.00,8102 ,3098 
20211206,0.00,7659 ,3098 
20211207,0.00,7871 ,3412 
20211208,0.00,8032 ,2675 
20211209,0.00,7660 ,3564 
20211210,0.34,8329 ,2799 
20211211,0.00,7619 ,2855 
20211212,0.00,7316 ,2855 
20211213,0.00,7070 ,2855 
20211214,0.00,6880 ,2728 
20211215,0.03,7566 ,2564 
20211216,0.52,6879 ,2802 
20211217,2.17,7202 ,2638 
20211218,0.50,7595 ,2729 
20211219,0.11,7332 ,2729 
20211220,0.00,7678 ,2729 
20211221,0.00,7339 ,2561 
20211222,0.00,7342 ,1733 
20211223,0.00,8017 ,2530 
20211224,0.00,7630 ,3168 
20211225,1.99,7660 ,2656 
20211226,2.47,7680 ,2656 
20211227,0.00,8350 ,2657 
20211228,0.00,9060 ,3005 
20211229,0.00,9000 ,3373 
20211230,0.88,8860 ,3212 
20211231,0.34,8240 ,2821 
20220101,0.00,8580 ,2929 
20220102,0.00,7930 ,2929 
20220103,0.00,8890 ,2930 
20220104,0.00,8770 ,2420 
20220105,0.00,8080 ,3086 
20220106,0.00,8770 ,2860 
20220107,0.00,9630 ,3099 
20220108,0.00,9550 ,2808 
20220109,0.00,9230 ,2808 
20220110,0.24,9630 ,2808 
20220111,1.81,9260 ,3057 
20220112,0.16,9200 ,2938 
20220113,1.49,9320 ,2887 
20220114,0.03,9620 ,2912 
20220115,0.00,9730 ,3908 
20220116,0.37,8920 ,4915 
20220117,0.08,9190 ,4916 
20220118,0.00,9340 ,3998 
20220119,0.27,9520 ,3353 
20220120,0.00,9610 ,2806 
20220121,0.00,9490 ,3062 
20220122,0.00,9400 ,3047 
20220123,0.00,9370 ,3047 
20220124,0.00,9330 ,3048 
20220125,0.94,8960 ,2817 
20220126,0.00,9090 ,2660 
20220127,0.00,9210 ,2836 
20220128,0.00,9210 ,2702 
20220129,0.00,9280 ,2892 
20220130,0.00,9980 ,2892 
20220131,0.21,9990 ,2892 
20220201,0.19,9840 ,2892 
20220202,0.00,9005 ,2892 
20220203,0.00,8470 ,2892 
20220204,0.65,7720 ,3059 
20220205,1.45,8450 ,2530 
20220206,1.16,8060 ,2530 
20220207,0.00,8380 ,2530 
20220208,0.00,8610 ,2761 
20220209,0.00,9260 ,2647 
20220210,0.00,8600 ,2775 
20220211,0.00,8900 ,2775 
20220212,0.00,8330 ,2287 
20220213,0.00,8210 ,2287 
20220214,0.08,8910 ,2287 
20220215,0.19,7940 ,1952 
20220216,0.66,7810 ,2087 
20220217,0.19,7970 ,2077 
20220218,0.00,8620 ,2955 
20220219,0.10,8840 ,2284 
20220220,0.44,7910 ,2284 
20220221,0.00,8300 ,2285 
20220222,0.01,8140 ,2523 
20220223,0.00,8500 ,2412 
20220224,0.00,8660 ,2452 
20220225,0.00,8760 ,2411 
20220226,0.00,9140 ,2399 
20220227,0.00,8870 ,2399 
20220228,0.00,8350 ,2400 
20220301,1.46,8190 ,2392 
20220302,0.00,8760 ,2393 
20220303,0.00,9320 ,2199 
20220304,0.00,8990 ,2367 
20220305,0.00,9080 ,2222 
20220306,0.00,8560 ,2222 
20220307,0.00,8880 ,2222 
20220308,0.00,8770 ,2449 
20220309,0.00,9380 ,2312 
20220310,0.00,8800 ,2313 
20220311,0.00,9210 ,2138 
20220312,0.00,9340 ,2396 
20220313,11.31,8520 ,2396 
20220314,2.05,8350 ,2396 
20220315,0.00,8570 ,2585 
20220316,0.18,8690 ,2546 
20220317,6.22,8580 ,3325 
20220318,2.26,8490 ,2445 
20220319,9.19,7700 ,2001 
20220320,0.08,8100 ,2001 
20220321,0.00,8230 ,2002 
20220322,0.00,7900 ,2137 
20220323,0.00,8470 ,2411 
20220324,0.00,8350 ,2135 
20220325,38.20,8140 ,2285 
20220326,23.42,6950 ,2800 
20220327,0.00,7740 ,2800 
20220328,0.00,8600 ,2801 
20220329,0.00,9500 ,3116 
20220330,0.55,9080 ,3222 
20220331,0.00,8360 ,3639 
20220401,0.00,7383 ,4089 
20220402,0.08,6110 ,3409 
20220403,0.00,5980 ,2954 
20220404,0.00,5420 ,2954 
20220405,0.00,5860 ,3399 
20220406,0.00,5800 ,3112 
20220407,0.02,5030 ,3780 
20220408,0.00,6080 ,3184 
20220409,0.00,6280 ,2922 
20220410,0.00,6270 ,2922 
20220411,0.00,6210 ,2922 
20220412,0.00,4990 ,2408 
20220413,7.94,3750 ,2164 
20220414,0.08,4650 ,2977 
20220415,0.00,6295 ,2789 
20220416,0.00,8219 ,2789 
20220417,0.00,8559 ,2789 
20220418,0.00,8796 ,2789 
20220419,0.00,8855 ,2831 
20220420,0.00,7610 ,2820 
20220421,0.00,8155 ,2927 
20220422,0.00,8170 ,2855 
20220423,0.06,8483 ,2810 
20220424,0.00,8450 ,2810 
20220425,27.80,8975 ,2810 
20220426,5.76,8649 ,3180 
20220427,0.00,8978 ,3749 
20220428,0.00,8504 ,3349 
20220429,11.82,8655 ,3357 
20220430,0.00,8114 ,3435 
20220501,0.00,8860 ,3435 
20220502,0.00,9190 ,3435 
20220503,0.00,9090 ,2995 
20220504,0.00,8360 ,3596 
20220505,0.00,9050 ,3476 
20220506,0.00,9440 ,3477 
20220507,0.00,9940 ,3638 
20220508,0.00,9320 ,3638 
20220509,0.00,8950 ,3638 
20220510,0.00,8030 ,3639 
20220511,0.00,9310 ,4478 
20220512,0.00,9090 ,4319 
20220513,0.00,8700 ,4580 
20220514,0.00,8650 ,4579 
20220515,0.00,9560 ,4579 
20220516,0.00,9200 ,4579 
20220517,0.00,9260 ,4263 
20220518,0.00,9510 ,4529 
20220519,0.00,9180 ,4400 
20220520,0.00,8530 ,4682 
20220521,0.00,9550 ,4370 
20220522,0.00,9870 ,4370 
20220523,0.00,10050 ,4370 
20220524,0.00,10060 ,4807 
20220525,0.00,10130 ,5015 
20220526,1.13,9520 ,5222 
20220527,0.00,9510 ,4577 
20220528,0.00,9770 ,4520 
20220529,0.88,9060 ,4520 
20220530,2.00,8860 ,4521 
20220531,0.00,9820 ,4339 
20220601,0.00,10160 ,4157 
20220602,0.00,10120 ,4158 
20220603,0.00,10170 ,4165 
20220604,0.00,10170 ,4156 
20220605,29.18,9200 ,4156 
20220606,0.07,8310 ,4156 
20220607,13.32,8150 ,4156 
20220608,3.47,8180 ,4595 
20220609,0.00,8050 ,4395 
20220610,0.00,9053 ,5058 
20220611,0.00,8435 ,4273 
20220612,0.00,8402 ,4273 
20220613,0.00,9619 ,4273 
20220614,6.56,8939 ,4374 
20220615,1.42,8224 ,4897 
20220616,0.00,9510 ,4974 
20220617,0.05,10176 ,4519 
20220618,0.05,8801 ,4809 
20220619,0.00,9214 ,4809 
20220620,0.34,9226 ,4809 
20220621,0.00,8404 ,4200 
20220622,0.00,9337 ,5036 
20220623,32.23,10380 ,5789 
20220624,24.03,9037 ,5345 
20220625,0.00,8680 ,5571 
20220626,0.00,8050 ,5571 
20220627,0.01,8630 ,5572 
20220628,0.00,9810 ,5221 
20220629,1.75,8530 ,4901 
20220630,0.30,9030 ,4996 
20220701,0.00,9920 ,4456 
20220702,0.00,9910 ,4420 
20220703,0.84,9690 ,4420 
20220704,4.11,9950 ,4421 
20220705,0.10,9750 ,4861 
20220706,0.00,10260 ,5128 
20220707,3.21,10390 ,5958 
20220708,1.71,9170 ,5271 
20220709,0.00,10210 ,4928 
20220710,4.23,10260 ,4928 
20220711,11.79,8890 ,4929 
20220712,0.02,8340 ,5149 
20220713,0.08,8810 ,5110 
20220714,16.78,8790 ,5627 
20220715,0.00,9220 ,5317 
20220716,0.00,9170 ,6104 
20220717,0.71,9060 ,6104 
20220718,62.30,9120 ,6105 
20220719,1.12,9380 ,6327 
20220720,2.99,10110 ,6454 
20220721,2.14,8720 ,6702 
20220722,0.00,9510 ,8129 
20220723,17.47,9620 ,5897 
20220724,5.27,8770 ,5897 
20220725,0.00,9540 ,5897 
20220726,0.00,6378 ,6536 
20220727,0.00,4000 ,7486 
20220728,0.00,3200 ,6863 
20220729,0.00,4510 ,6338 
20220730,1.03,5500 ,6971 
20220731,6.25,4290 ,6971 
20220801,30.91,7420 ,6972 
20220802,1.88,10000 ,6350 
20220803,5.86,9890 ,5464 
20220804,0.00,9680 ,5992 
20220805,0.23,10360 ,5515 
20220806,0.00,9920 ,4981 
20220807,0.01,10430 ,4981 
20220808,0.00,9460 ,4981 
20220809,0.00,10250 ,5766 
20220810,0.18,9890 ,5956 
20220811,23.34,8950 ,5441 
20220812,1.24,9580 ,5208 
20220813,3.21,10090 ,4834 
20220814,0.00,10370 ,4834 
20220815,0.00,10540 ,4834 
20220816,18.98,9260 ,4835 
20220817,0.11,9170 ,4815 
20220818,0.00,10010 ,5592 
20220819,0.00,9700 ,6029 
20220820,12.57,9665 ,6254 
20220821,0.00,9470 ,6254 
20220822,0.00,9480 ,6254 
20220823,8.55,9030 ,7008 
20220824,0.12,9120 ,6382 
20220825,0.00,9350 ,6223 
20220826,0.00,9700 ,5430 
20220827,0.00,9220 ,6070 
20220828,0.00,8680 ,6070 
20220829,0.17,8730 ,6070 
20220830,2.99,9440 ,6337 
20220831,1.17,9100 ,6217 
20220901,0.00,8870 ,6871 
20220902,0.16,9100 ,6215 
20220903,0.06,9380 ,5886 
20220904,3.78,8920 ,5886 
20220905,78.40,9110 ,5887 
20220906,20.82,8160 ,5653 
20220907,0.00,9580 ,5879 
20220908,0.00,9980 ,4958 
20220909,0.00,10100 ,5636 
20220910,0.00,10640 ,5636 
20220911,0.00,10150 ,5636 
20220912,3.71,9620 ,5636 
20220913,2.75,8580 ,5637 
20220914,0.04,9110 ,6116 
20220915,0.00,10150 ,5283 
20220916,0.00,10270 ,5803 
20220917,0.25,9550 ,5907 
20220918,0.00,8990 ,5907 
20220919,0.00,9280 ,5908 
20220920,0.00,9780 ,5997 
20220921,0.00,8920 ,5760 
20220922,0.00,9640 ,6109 
20220923,0.00,10010 ,5770 
20220924,0.00,9870 ,5428 
20220925,0.00,8690 ,5428 
20220926,0.00,9640 ,5429 
20220927,0.00,9870 ,5341 
20220928,0.00,10110 ,5714 
20220929,0.00,9280 ,6263 
20220930,0.00,10240 ,5822 
20221001,0.00,10020 ,5822 
20221002,0.00,9750 ,5822 
20221003,0.00,9360 ,5822 
20221004,34.69,8180 ,5823 
20221005,0.00,8840 ,5133 
20221006,0.00,8840 ,4802 
20221007,0.00,9090 ,5490 
20221008,0.00,9060 ,4836 
20221009,10.32,8190 ,4836 
20221010,9.84,8570 ,4836 
20221011,0.22,8680 ,4837 
20221012,0.00,9440 ,5355 
20221013,0.00,9830 ,5687 
20221014,0.00,10680 ,6061 
20221015,0.00,9510 ,5397 
20221016,0.00,9850 ,4920 
20221017,0.00,9730 ,4920 
20221018,0.00,9520 ,4960 
20221019,0.00,8130 ,4302 
20221020,0.00,9408 ,4671 
20221021,0.00,10180 ,4573 
20221022,0.25,9800 ,4246 
20221023,0.00,10290 ,4246 
20221024,0.00,9440 ,4247 
20221025,0.00,9980 ,4898 
20221026,0.00,9150 ,4216 
20221027,0.00,10580 ,4466 
20221028,0.00,9770 ,4966 
20221029,0.00,9900 ,5818 
20221030,0.00,10140 ,6920 
20221031,0.00,8717 ,6920 
20221101,0.00,7410 ,5725 
20221102,0.00,6110 ,4527 
20221103,0.00,5980 ,4532 
20221104,0.00,5420 ,4387 
20221105,0.00,5860 ,4248 
20221106,0.00,5800 ,4248 
20221107,0.00,5030 ,4248 
20221108,0.00,6080 ,4627 
20221109,0.00,6280 ,4159 
20221110,0.00,6270 ,4032 
20221111,0.00,6210 ,4109 
20221112,25.65,4990 ,4434 
20221113,8.80,3750 ,4434 
20221114,0.00,4650 ,4434 
20221115,0.00,6295 ,5145 
20221116,0.93,8219 ,4389 
20221117,0.00,8559 ,3917 
20221118,0.00,8796 ,4061 
20221119,0.00,8855 ,3217 
20221120,0.35,7610 ,3217 
20221121,0.00,8155 ,3218 
20221122,3.89,8170 ,3258 
20221123,0.72,8483 ,3260 
20221124,0.00,8450 ,4024 
20221125,0.00,8975 ,3458 
20221126,0.00,8649 ,3273 
20221127,0.00,8978 ,3273 
20221128,9.71,8504 ,3273 
20221129,12.01,8655 ,3998 
20221130,1.62,8114 ,3576 
20221201,0.00,9346 ,3751 
20221202,0.00,8947 ,4568 
20221203,0.00,9464 ,4568 
20221204,0.00,8654 ,4568 
20221205,0.00,9186 ,4568 
20221206,0.00,10032 ,5353 
20221207,0.00,9290 ,4479 
20221208,0.00,8747 ,4315 
20221209,0.00,9470 ,3679 
20221210,0.00,8300 ,3591 
20221211,0.00,8363 ,3132 
20221212,0.10,8472 ,3326 
20221213,0.10,9296 ,3129 
20221214,3.87,8018 ,3299 
20221215,0.21,8589 ,3449 
20221216,0.00,9022 ,3292 
20221217,5.15,8369 ,3198 
20221218,7.97,8220 ,3200 
20221219,2.36,9305 ,3677 
20221220,0.00,10232 ,3795 
20221221,4.59,10897 ,4093 
20221222,2.43,9733 ,3980 
20221223,4.99,9527 ,3383 
20221224,1.43,9327 ,2730 
20221225,0.00,9147 ,2730 
20221226,0.00,10261 ,2731 
20221227,0.00,10187 ,3097 
20221228,0.00,9306 ,3424 
20221229,0.00,9746 ,3502 
20221230,0.00,8633 ,3892 
20221231,0.00,8150 ,3138 
